,0
Butter,방탄소년단
안녕 (Hello),조이 (JOY)
Dun Dun Dance,오마이걸(OH MY GIRL)
Next Level,aespa
헤픈 우연,헤이즈(Heize)
좋을텐데 (If Only) (Feat. 폴킴),조이 (JOY)
롤린 (Rollin'),브레이브걸스(Brave Girls)
ASAP,STAYC(스테이씨)
"Peaches (feat. Daniel Caesar, Giveon)",Justin Bieber(저스틴 비버)
Je T′aime,조이 (JOY)
상상더하기,라붐(LABOUM)
라일락,아이유(IU)
마.피.아. In the morning,ITZY (있지)
운전만해 (We Ride),브레이브걸스(Brave Girls)
I Love U,성시경
Dynamite,방탄소년단
Day By Day,조이 (JOY)
Save,NCT 127
Celebrity,아이유(IU)
서울의 잠 못 이루는 밤 (Feat. 이수현),10CM
그럴때마다 (Be There For You),조이 (JOY)
Happy Birthday To You,조이 (JOY)
WE GO,프로미스나인
Timeless,SG워너비
"사이렌 Remix (Feat. UNEDUCATED KID, Paul Blanco)",호미들
Off My Face,Justin Bieber(저스틴 비버)
체념,"정상동기 (김정수, 정기석, 이동휘, 이상이)"
Kiss Me More (feat. SZA),Doja Cat(도자 캣)
라라라,SG워너비
신호등,이무진
처음처럼 (Feat. 개리),헤이즈(Heize)
내 손을 잡아,아이유(IU)
Blueming,아이유(IU)
Life Goes On,방탄소년단
Dolphin,오마이걸(OH MY GIRL)
내사람: Partner For Life,SG워너비
Leave The Door Open,Bruno Mars(브루노 마스)
Coin,아이유(IU)
Where Are We Now,마마무(Mamamoo)
꽃이 예뻐봤자 뭐해,신용재 (2F)
어푸 (Ah puh),아이유(IU)
0X1=LOVESONG (I Know I Love You) feat. Seori,투모로우바이투게더
맛 (Hot Sauce),NCT DREAM
"어떻게 이별까지 사랑하겠어, 널 사랑하는 거지",AKMU (악동뮤지션)
그냥 안아달란 말야,다비치
If You Love Me (Feat. 주헌 (몬스타엑스)),NS Yoon-G
굴뚝마을의 푸펠,이무진
만약에,"M.O.M (별루지, 강창모, 박재정, 원슈타인)"
Savage Love (Laxed - Siren Beat) (BTS Remix),Jawsh 685
닫힌엔딩 (Closed Ending),숀(SHAUN)
Beautiful Mistakes,Maroon 5(마룬 파이브)
살다가,SG워너비
잠이 오질 않네요,장범준
에잇(Prod.&Feat. SUGA of BTS),아이유(IU)
감기 (Feat. 창모),헤이즈(Heize)
On The Ground,로제(ROSÉ)
작은 것들을 위한 시 (Boy With Luv) (Feat. Halsey),방탄소년단
멜로디,ASH ISLAND
아이와 나의 바다,아이유(IU)
Lovesick Girls,BLACKPINK
영영,포맨 (4MEN)
Loving You Girl (feat. Hkeem),Peder Elias
Save Your Tears (Remix),The Weeknd(위켄드)
우연이 아닌것만 같아서,김나영
At My Worst,Pink Sweat$
Black Mamba,aespa
parachute,John K
흔들리는 꽃들 속에서 네 샴푸향이 느껴진거야,장범준
"LOVE DAY (2021) (바른연애 길잡이 X 양요섭, 정은지)",양요섭
다시 사랑한다면 (김필 Ver.),임영웅
돌림노래 (Feat. DEAN),아이유(IU)
"모든 날, 모든 순간 (Every day, Every Moment)",폴킴(Paul Kim)
그대는 나에게,뮤즈
빛나는 별의 노래 (Starlight),Blooming Heart
오래된 노래,스탠딩 에그(Standing Egg)
With You,스카이나이츠&뮤즈
두근☆두근 반짝★반짝,민트초코쉐이크
잠시 (Moment),뮤즈
밤편지,아이유(IU)
살짝 설렜어 (Nonstop),오마이걸(OH MY GIRL)
Like 1999,Valley
너를 사랑했던 시간,성시경
DOOR (Your Moon),정세운
다정히 내 이름을 부르면,경서예지
봄 안녕 봄,아이유(IU)
취기를 빌려 (취향저격 그녀 X 산들),산들
나랑 같이 걸을래 (바른연애 길잡이 X 적재),적재
Endless,고유진(플라워)
밝게 빛나는 별이 되어 비춰줄게,송이한
12:45 (Stripped),Etham
밤하늘의 별을(2020),경서
너의 발걸음에 빛을 비춰줄게 (Prod. 조영수),케이시
Ashes,Stellar
봄날,방탄소년단
별빛 같은 나의 사랑아,임영웅
2002,Anne-Marie(앤 마리)
34+35,Ariana Grande(아리아나 그란데)
이 밤을 빌려 말해요 (바른연애 길잡이 X 10CM),10CM
불어온다,하이라이트(Highlight)
